INSERT INTO
	PUBLISHER (publisher_id, name, address)
VALUES
  	(1, 'Test Josi', 'Test str 2'),
  	(2, 'Test Bela', 'Test str 3'),
  	(3, 'GABO KONYVKIADO ES KERESKEDELMI KFT', 'Budapest'),
  	(4, 'GOLLANCZ', 'London'),
  	(5, 'Libri Könyvkiadó Kft', 'Budapest'),
  	(6, 'Művelt Nép Könyvkiadó', 'Budapest'),
  	(7, 'HELIKON Kiadó Kft', 'Budapest'),
  	(8, 'HVG Könyvek', 'Budapest'),
  	(9, 'EURÓPA Könyvkiadó Kft', 'Budapest'),
  	(10, 'ALEXANDRA KIADÓ', 'Budapest'),
  	(11, 'Könyvmolyképző Kiadó Kft', 'Szeged'),
  	(12, 'Magvető Kft', 'Budapest'),
  	(13, 'Maecenás Könyvkiadó Kft', 'Budapest'),
  	(14, 'Szépirodalmi Könyvkiadó', 'Budapest'),
  	(15, 'Animus Kiadó', 'Budapest'),
  	(16, 'ÉdesvízKiadó', 'Budapest'),
  	(17, 'Lazi Könyvkiadó Kft', 'Budapest'),
  	(18, 'Harper Collins Publishers', 'London'),
  	(19, 'Trivium Kiadó Kft', 'Budapest'),
  	(20, 'Aethenium Kiadó Kft', 'Budapest');

INSERT INTO
	AUTHOR (author_id, first_name, last_name)
VALUES
    (1, 'Bela', 'Non'),
  	(2, 'Pon', 'Moon'),
  	(3, 'Bela', 'Non'),
  	(4, 'Pon', 'Moon'),
  	(5, 'Andrzej', 'Sapkowski'),
  	(6, 'Janka', 'Fábián'),
  	(7, 'Victoria Eugenia', 'Henao'),
  	(8, 'Anna', 'Todd'),
  	(9, 'Agatha', 'Christie'),
  	(10, 'Dan', 'Brown'),
  	(11, 'Walter', 'Isaacson'),
  	(12, 'Michelle', 'Obama'),
  	(13, 'Stephen', 'King'),
  	(14, 'Tamás', 'Frei'),
  	(15, 'Jeff', 'Kinney'),
  	(16, 'J. R. R.', 'Tolkien'),
  	(17, 'Daniel', 'Steel'),
  	(18, 'Csáth', 'Géza'),
  	(19, 'J.K.', 'Rowling'),
  	(20, 'Rhonda', 'Byrne'),
  	(21, 'Jane', 'Austen'),
  	(22, 'Alina', 'Bronsky'),
  	(23, 'Angela', 'Petch'),
  	(24, 'Fiala', 'Borcsa'),
  	(25, 'Teszt', 'Csaba');

INSERT INTO
    BOOK (book_id, title, year_of_publication, isbn, category, number_of_pages, short_description, price, author_id, publisher_id)
VALUES
    (1, 'First Book', 1998, 32131312, 'Drama', 211, 'Short description', 2222, 3, 1),
    (2, 'Vaják - Viharidő', 2020, 9789634069300, 'Fantasy', 408, 'The Witcher', 3192, 5, 3),
    (3, 'Vaják III - Tündevér', 2020, 9789634069256, 'Fantasy', 371, 'The Witcher', 3790, 5, 3),
    (4, 'The Witcher - The Tower of the Swallow', 2020, 9781473231115, 'Fantasy', 458, 'The Witcher', 4740, 5, 4),
    (5, 'The Witcher - Sword of Destiny', 2020, 9781473231085, 'Fantasy', 383, 'The Witcher', 4740, 5, 4),
    (6, 'The Witcher - The Lady of the Lake', 2020, 9781473231122, 'Fantasy', 537, 'The Witcher', 4740, 5, 4),
    (7, 'The Witcher - Season of Storms', 2020, 9781473231139, 'Fantasy', 357, 'The Witcher', 4740, 5, 4),
    (8, 'The Witcher - Baptism of Fire', 2020, 9781473231108, 'Fantasy', 343, 'The Witcher', 4740, 5, 4),
    (9, 'A könyvárus lány', 2020, 9789634336686, 'Szépirodalom', 427, 'A tizenéves Julcsi', 3799, 6, 5),
    (10, 'Mrs. Escobar - Életem Pablóval', 2019, 9786155905568, 'Életrajzi', 461, 'Tata a Narcosból mindent elmesél', 3790, 7, 6),
    (11, 'Miután', 2015, 9789634060833, 'Szórakoztató irodalom', 490, 'Volt egy időszak Tessa életében, amikor még nem ismerte Hardint', 3315, 8, 3),
    (12, 'Miután összecsaptunk', 2015, 9789634061168, 'Szórakoztató irodalom', 574, 'Tessa mindent elveszíthet. Hardin semmit sem veszíthet...csakTessát', 3315, 8, 3),
    (13, 'Miután elbuktunk', 2015, 9789634061717, 'Szórakoztató irodalom', 674, 'Tessa pont az élete legnagyobb döntését hozza meg, amikor minden megváltozik körülötte', 3315, 8, 3),
    (14, 'Miután boldogok leszünk', 2016, 9789634061908, 'Szórakoztató irodalom', 399, 'Tessa és Hardin kapcsolata eddig minden nehézséggel dacolt', 3315, 8, 3),
    (15, 'Gyilkosság Mezopotámiában', 2020, 9789634793137, 'Krimi', 313, 'Mit kereshet Poirot felügyelő', 2564, 9, 7),
    (16, 'Miss Marple füves könyve', 2019, 9789634793496, 'Krimi', 177, 'Agatha Christie másik nagy nyomozója', 3324, 9, 7),
    (17, 'Karácsonyi puding', 2019, 9789634793168, 'Krimi', 340, 'A könyvben találunk két kisregényt', 2564, 9 ,7),
    (18, 'Az utolsó szeánsz', 2019, 9789634793236, 'Krimi', 431, 'Agatha Christie, a krimi királynője', 3799, 9, 7),
    (19, 'Tíz kicsi néger', 2019, 9789634793151, 'Krimi', 277, 'Agatha Christie leghíresebb és legnépszerűbb krimijében nyolc ember kap meghívást egy szigetre - és aztán az időjárás szeszélye elvágja őket a külvilágtól, a szakácsnővel és az inassal együtt', 2564, 9, 7),
    (20, 'Inferno', 2013, 9789636897079, 'Thriller', 656, 'Keressetek és találtok', 3790, 10, 3),
    (21, 'Eredet', 2018, 9789634065906, 'Thriller', 576, 'Robert Langdon, a szimbolika és a vallási ikonológia harvardi professzora a bilbaói Guggenheim Múzeumba érkezik', 3790, 10, 3),
    (22, 'Digitális erőd', 2010, 9789634065456, 'Thriller', 520, 'Amikor az NSA verhetetlen kódfejtő gépe találkozik egy rejtélyes algoritmussal, amelyet nem tud feltörni, az ügynökség riasztja vezető kriptográfusát, Susan Fletchert', 3790, 10, 3),
    (23, 'A megtévesztés foka', 2010, 9789636893477, 'Thriller', 666, 'Amikor a NASA egy bámulatosan ritka tárgyra lel az Északi-sark jégtakarója alatt', 3790, 10, 3),
    (24, 'Angyalok és démonok', 2010, 9789634065449, 'Thriller', 708, 'Egy ősrégi, titkos testvériség. Egy pusztító erejű, új fegyver', 3790, 10, 3),
    (25, 'Az elveszett jelkép', 2009, 9789636893316, 'Thriller', 733, 'Megkerül, ami elveszett... Robert Langdont, a Harvard szimbólumkutatóját az utolsó percben kérik fel egy esti előadásra a washingtoni Capitolium épületében', 3790, 10, 3),
    (26, 'A Da Vinci-kód', 2010, 9789636893453, 'Thriller', 648, 'A csavaros kód Leonardo műveiben rejtőzik', 3790, 10, 3),
    (27, 'Vad szimfónia', 2020, 9789634069508, 'Mesekönyv', 42, 'Egér maestro fergeteges szimfonikus meglepetésre készül! Kitalálod, mihez hangol?', 3192, 10, 3),
    (28, 'Steve Jobs', 2011, 9789633040652, 'Életrajzi', 642, 'iPod. iPhone. iPad. iTunes. Mac. És egy név mindezek mögött: Steve Jobs', 4655, 11, 8),
    (29, 'Így lettem', 2018, 9789633045725, 'Életrajzi', 440, 'Az Egyesült Államok egykori first ladyjének személyes, átütő erejű és inspiráló önéletrajza', 4655, 12, 8),
    (30, 'Agykontroll', 2019, 9789635041046, 'Horror', 508, 'Bill Hodges, a nyugdíjas zsaru és társa, Holly Gibney egy öngyilkosság ügyében nyomoznak, amelyhez köze lehet Brady Hartsfieldnek, az ördögi Mercedeses Gyilkosnak',3799, 13, 9),
    (31, 'Tortúra', 2020, 9789635041558, 'Horror', 464, 'Paul Sheldon sikeríró, a szépkeblű közönség bálványa befejezi legújabb és legjobb regényét, aminek örömére jól beiszik, és kábán autóba vágja magát', 3799, 13, 9),
    (32, 'Kedvencek temetője', 2019, 9789635040094, 'Horror', 587, 'Dr. Louis Creed, a fiatal orvos kitűnő állást kapott: a Maine-i Egyetem rendelőjének lett a vezetője', 3799, 13, 9),
    (33, 'A halálsoron', 2019, 9789634051695, 'Horror', 520, 'A Cold Mountain fegyház E blokkjában, a siralomházban', 3799, 13, 9),
    (34, 'Borzalmak városa', 2019, 9789634059455, 'Horror', 620, 'Ben Mears, a sikeres író visszatér a Jerusalems Lot nevű, isten háta mögötti kisvárosba', 3799, 13, 9),
    (35, 'A kívülálló', 2019, 9789635040247, 'Horror', 503, 'A Mr. Mercedes - Aki kapja, marja -', 4369, 13, 9),
    (36, 'Aki kapja, marja', 2019, 9789635041053, 'Horror', 493, 'A Mr. Mercedes-ben bemutatkozó hősök eklektikus hármasának főszereplésével itt a mesteri, lélegzetelállító folytatás egy olvasóról, aki túlzásba viszi a rögeszmés rajongást egy emberkerülő íróért.', 3799, 13, 9),
    (37, 'A Megmentő', 2019, 9789633576434, 'Krimi', 587, 'Konspiráció, szerelem, hatalom, pénz, tündöklés és leszámolás', 4464, 14, 10),
    (38, 'Bábel', 2019, 9789634476054, 'Krimi', 533, 'A terrorizmust a drótkerítés sem képes megállítani. A modernkori népvándorlás bábeli zűrzavarában minden lehetséges!', 4464, 14, 10),
    (39, 'Agrárbárók - Magyarország az oroszok csapdájában', 2015, 9789633576373, 'Krimi', 525, 'Pedig André már azt hitte, hogy maga mögött hagyhatja a zaklatott múltat. Tévedett - mert az oroszok nem felejtenek...', 4464, 14, 10),
    (40, 'A bankár - Milliárdos lesz, ha Magyarország csődbe megy', 2016, 9789634470199, 'Krimi', 624, 'Jamaicán a rendőrségi terepjárók már dübörögnek, hogy kézre kerítsék a Magyarországról óriási vagyont "kimenekítő" és a távoli karibi szigeten bujkáló, korrupt pesti bankárt.', 4464, 14, 10),
    (41, '2015 - A káosz éve a magyar elit háborúja', 2019, 9789634476122, 'Krimi', 579, 'Frei Tamás közönségkedvenc hőse, André története a parlamenti választás napjaiban indul ismét útjára, feszült, konfliktusokkal teli időszakban', 4464, 14, 10),
    (42, 'Egy ropi naplója', 2016, 9789632450810, 'Ifjúsági irodalom', 223, 'New York Times bestseller/ Egy napon híres leszek, de egyelőre itt dekkolok a felső tagozatban egy csapat idióta társaságában.', 2754, 15, 11),
    (43, 'Egy ropi naplója 2 - Rodrick, a király', 2015, 9789632451909, 'Ifjúsági irodalom', 224, 'Ne kérdezd, hogyan töltötte Greg Heffley a nyári szünidőt, mert egyáltalán nem hajlandó róla beszélni', 2564, 15, 11),
    (44, 'Egy ropi naplója 3 - Az utolsó szalmaszál', 2015, 9789632453224, 'Ifjúsági irodalom', 218, 'Nézzünk szembe a tényekkel: Greg Heffley soha nem változik meg.', 2849, 15, 11),
    (45, 'Egy ropi naplója 4 - Kutya egy idő', 2015, 9789632455327, 'Ifjúsági irodalom', 222, 'Itt a nyári szünet - hétágra süt a nap, és minden kissrác a szabad levegőn rohangál. De hol van Greg Heffley?', 2454, 15, 11),
    (46, 'Egy ropi naplója 5 - A Rideg való', 2015, 9789639708211, 'Ifjúsági irodalom', 224, 'Greg Heffley világéletében egy dolgot akart: felnőni.', 2849, 15, 11),
    (47, 'Egy ropi naplója 6 - Négy fal között', 2016, 9789633730690, 'Ifjúsági irodalom', 224, 'Greg Heffley nagy bajban van. Az iskolában vandálok jártak, és ő az első számú gyanúsított.', 2849, 15, 11),
    (48, 'Egy ropi naplója 7 - A harmadik kerék', 2015, 9789633737606, 'Ifjúsági irodalom', 223, 'A szerelem szárnyán szállni – vajon erre született Greg Heffley?', 2754, 15, 11),
    (49, 'Egy ropi naplója 8 - Pechszéria', 2015, 9789633991275, 'Ifjúsági irodalom', 223, 'Greg Heffley-t elhagyta a szerencséje. A legjobb barátja, Rowley Jefferson, elfordult tőle, új barátokat találni pedig nem is olyan könnyű feladat', 2564, 15, 11),
    (50, 'Egy ropi naplója 9 - A nagy kiruccanás', 2016, 9789633993507, 'Ifjúsági irodalom', 224, 'Egy kirándulás a családdal jó móka kivéve, persze, ha az a család Heffley-éké!', 2754, 15, 11),
    (51, 'Egy ropi naplója 10 - Régi szép idők', 2016, 9789633994726, 'Ifjúsági irodalom', 222, 'Régen minden jobb volt. Vagy mégsem?', 2754, 15, 11),
    (52, 'Egy ropi naplója 11 - Dupla para', 2016, 9789633997345, 'Ifjúsági irodalom', 224, 'Greg Heffley-n mostanság jó nagy a nyomás.', 2564, 15, 11),
    (53, 'Egy ropi naplója 12 - Lépjünk le!', 2017, 9789634572411, 'Ifjúsági irodalom', 224, 'A Heffley-család nyaralni, pontosabban telelni megy!', 2564, 15, 11),
    (54, 'Egy ropi naplója 13 - Hóháború', 2018, 9789634575528, 'Ifjúsági irodalom', 223, 'Miután Greg Heffley iskolája hószünetet hirdet, az utcájuk zimankós csatatérré változik.', 2754, 15, 11),
    (55, 'Egy ropi naplója 14 - Romhalmaz', 2019, 9789634577584, 'Ifjúsági irodalom', 224, 'Greg Heffley családja egy váratlan örökség után úgy dönt, ideje kicsit kipofozni a házukat', 2849, 15, 11),
    (56, 'Húrin gyermekei', 2019, 9789631438536, 'Fantasy', 281, 'A Gyűrűk Ura előtti időkről szóló regék közül Túrinnak és a húgának, Nienornak a tragédiája olvasható ebben a könyvben', 3514, 16, 12),
    (57, 'Az elveszett mesék könyve 1', 2019, 9789632278551, 'Fantasy', 459, 'J.R.R. Tolkien nem csupán regényíró volt.', 3324, 16, 12),
    (58, 'Az elveszett mesék könyve 2', 2017, 9789632278568, 'Fantasy', 567, 'Tudományos munkássága mellett élete fő műve egy több mint 50 éven keresztül folyamatosan bővített és javított saját mitológiai rendszer, amelyet átfont az általa kidolgozott mesterséges nyelvek', 3324, 16, 12),
    (59, 'A gyűrűk ura 1-2-3', 2019, 9789634058397, 'Fantasy', 1774, ' A Gyűrűk Ura tündérmese.', 12349, 16, 12),
    (60, 'Beleriand dalai', 2018, 9789632278575, 'Fantasy', 537, 'A Középfölde Históriája sorozat harmadik kötete különleges betekintést kínál Középfölde mitológiájának teremtésébe.', 4274, 16, 12),
    (61, 'Beren és Lúthien', 2019, 9789634058786, 'Fantasy', 304, 'A Beren és Lúthien Tolkien legszemélyesebb története, melyet felesége iránt érzett szerelme ihletett', 4179, 16, 12),
    (62, 'A hobbit', 2018, 9789631437218, 'Fantasy', 306, 'Amikor kellemes, minden becsvágy nélküli életéből, meghitt föld alatti otthonából Gandalf, a mágus és egy csapat törp elragadja, Bilbó, a hobbit igazi kaland kellős közepébe csöppen', 3514, 16, 12),
    (63, 'A szirmalirok', 2018, 9789631437539, 'Fantasy', 544, 'A szilmarilok "az óidőkről, a világ első koráról szól.', 4274, 16, 12),
    (64, 'Középfölde formálása', 2020, 9789632279589, 'Fantasy', 536, 'There is no short discription', 3199, 16, 12),
    (65, 'The story of Kullervo', 2015, 9780008131364, 'Fantasy', 166, 'The world first publication of a previously unknown work of fantasy by J.R.R. Tolkien, which tells the powerful story of a doomed young man who is sold into slavery and who swears revenge on the magician who killed his father.', 7362, 16, 12),
    (66, 'Rejtőzködve', 2016, 9789632032856, 'Romantikus', 315, 'Marshall Everett az USA drogellenes hivatalának kivételes tehetségű titkos ügynökeként olyan sikeresen épül be az egyik legnagyobb kolumbiai drogkartellbe, hogy a szervezet vezetője, a véres kezű drogbáró a bizalmába, sőt a családjába fogadja.', 2564, 17, 13),
    (67, 'Kisemmizve', 2019, 9789632033884, 'Romantikus', 320, 'Amikor Sydney Wells dúsgazdag férje egy motorbalesetben életét veszti, az asszony addig gondtalan élete egyszeriben semmivé foszlik, azzal kénytelen ugyanis szembesülni, hogy a férfi elmulasztott megemlékezni róla a végrendeletében', 2564, 17, 13),
    (68, 'Varázslat', 2017, 9789632033150, 'Romantikus', 326, 'Párizs, a fények városa közel harminc éve ad otthont egy meghívásos alapon szerveződő különleges eseménynek', 2564, 17, 13),
    (69, 'Múlhatatlan', 2019, 9789632033877, 'Romantikus', 320, 'Blake Gregory, a sikeres befektetési tanácsadó egy napon visszautasíthatatlan állásajánlatot kap egy újonnan induló San Franciscó-i cégtől', 2564, 17, 13),
    (70, 'Becses ajándékok', 2016, 9789632032863, 'Romantikus', 316, 'A jóképű és elbűvölő világfi, Paul Parker felesége halála után újra megnősült, egy gazdag, fiatal francia nőt vett feleségül.', 2564, 17, 13),
    (71, 'A stáb', 2019, 9789632033907, 'Romantikus', 317, 'Kait Whittier szereti a munkáját, népszerű rovatának egész rajongótábora van, sokan csak az ő írásai kedvéért veszik meg a Womans Life magazint.', 2564, 17, 13),
    (72, 'Nemes harc', 2020, 9789632034102, 'Romantikus', 317, 'A hatvanas évek Amerikájában Meredith McKenzie családjában egyedül a nagypapa figyeli büszkén, ahogy unokájában szenvedélyes érdeklődés ébred a világ dolgai és az igazság iránt', 2564, 17, 13),
    (73, 'A helyzet magaslatán', 2019, 9789632033891, 'Romantikus', 316, 'Egy verőfényes májusi reggelen két repülőgép indul a New York-i JFK reptérről San Franciscóba: egy Boeing 757-es és egy Airbus A321-es.', 2564, 17, 13),
    (74, 'A nemes hölgy hagyatéke', 2017, 9789632033129, 'Romantikus', 326, 'Megfakult fényképek egy előkelő párról a háború utáni Európából. Régi levelek, amelyek egy tragikus veszteségről mesélnek', 2564, 17, 13),
    (75, 'Honour Thyself', 2009, 9780552158411, 'Romantikus', 506, 'A tale of small miracles and big surprises... Carole Barber, a legend of film and stage, after a lifetime in the spotlight, has come to Paris to work on a novel, and, she hopes, to find herself', 2111, 17, 13),
    (76, 'Southern Lights', 2010, 9780552160254, 'Romantikus', 432, 'Assistant D.A. Alexa Hamilton has just been handed the kind of case that makes careers: the trial of accused serial killer Luke Quentin', 2111, 17, 13),
    (77, 'Family Ties', 2011, 9780440245193, 'Romantikus', 348, 'From Manhattan to Paris and all the way to Tehran, Danielle Steel weaves a powerfully compelling story that reminds us how challenging and unpredictable life can beand how the bonds of family hold us together.', 2111, 17, 13),
    (78, 'Accidental Heroes', 2018, 9781509800483, 'Romantikus', 294, 'On a beautiful May morning at New Yorks JFK Airport, a routine plane departs for San Francisco. Security agent Bernice Adams finds a postcard of the Golden Gate Bridge bearing an ambiguous message', 2111, 17, 13),
    (79, 'The good fight', 2019, 9781509800636, 'Romantikus', 355, 'The daughter and granddaughter of prominent Manhattan lawyers, Meredith McKenzie is destined for the best of everything: top schools, elite social circles, the perfect marriage.', 2111, 17, 13),
    (80, 'A perfect life', 2015, 9780552165891, 'Romantikus', 362, 'Blaises teenage daughter, Salima, was blinded by Type 1 diabetes in childhood, and her needs have kept her away in a year-round boarding school with full-time medical care and assistance ever since', 2111, 17, 13),
    (81, 'Hamvazószerda', 1974, 0109001878813, 'Színmű', 227, '', 2990, 18, 14),
    (82, 'Lidércálmok', 2000, 0459001633166, 'Novella, elbeszélés', 180, '', 1300, 18, 14),
    (83, 'Éjszakai esztetizálás', 1971, 0669002936214, 'Költészet', 557, '', 2890, 18, 14),
    (84, 'Elbeszélések', 2007, 0449000454633, 'Egyéb', 206, '', 950, 18, 14),
    (85, 'Elfeledett álom', 1987, 0369000578514, 'Novella, elbeszélés', 343, '', 3600, 18, 14),
    (86, 'Harry Potter és a bölcsek köve', 2019, 9789633246986, 'Ifjúsági irodalom', 336, 'Harry Potter tizenegy éves, amikor megtudja, hogy ő bizony varázslónak született, és felvételt nyert a Roxfort Boszorkány- és Varázslóképző Szakiskolába.', 3125, 19, 15),
    (87, 'Harry Potter és a titkok kamrája', 2020, 9789633244562, 'Ifjúsági irodalom', 367, 'Harry Potter, aki éppen egy éve tudta meg magáról, hogy varázslónak született, Dobby figyelmeztetése ellenére tovább folytatja tanulmányait a Roxfort Boszorkány- és Varázslóképző Szakiskolában.', 3125, 19, 15),
    (88, 'Harry Potter és az azkabani fogoly', 2020, 9789633247396, 'Ifjúsági irodalom', 480, 'Harry Potter szokásos rémes vakációját tölti Dursley-éknél, ám a helyzet úgy elfajul, hogy Harry elviharzik a Privet Drive-ról. Így köt ki a Kóbor Grimbuszon, ami elviszi őt abba a világba, ahová egész nyáron vágyott.', 3505, 19, 15),
    (89, 'Harry Potter és a tűz serlege', 2019, 9789633246993, 'Ifjúsági irodalom', 624, 'Harry Potter vakációja a szokásosnál jobbnak ígérkezik: részt vehet a varázsvilág legnagyobb sportünnepén, a Kviddics Világkupán. Ám az egybegyűltek szórakozása korántsem alakul felhőtlenül: baljós történések zavarják meg az eseményt.', 3790, 19, 15),
    (90, 'Harry Potter és a Főnix Rendje', 2018, 9789633244418, 'Ifjúsági irodalom', 816, 'Harry Potter nem hitte volna, hogy egyszer ő fogja megvédeni basáskodó unokatestvérét, Dudley-t. Ám amikor fényes nappal dementorok támadnak kettőjükre, ez történik.', 4075, 19, 15),
    (91, 'Harry Potter és a Félvér Herceg', 2020, 9789633247365, 'Ifjúsági irodalom', 592, 'A Voldemort elleni harc állása aggasztó; a baljós jeleket már a muglikormány is észleli. Szaporodnak a rejtélyes halálesetek, katasztrófák. Harry azt gyanítja, hogy esküdt ellensége, Draco Malfoy is a halálfalók jelét viseli.', 3790, 19, 15),
    (92, 'Harry Potter és a Halál Ereklyéi', 2020, 9789633244616, 'Ifjúsági irodalom', 656, 'Amikor a tizenhetedik évét betöltő Harry ezúttal Hagrid motorjának oldalkocsijában utoljára hagyja el a Privet Drive-ot, az őt védő bűbáj szertefoszlik, és a halálfalók azonnal a nyomába erednek.', 3790, 19, 15),
    (93, 'Harry Potter és az elátkozott gyermek', 2019, 9789633246153, 'Ifjúsági irodalom', 328, 'Harry Potter élete sosem volt könnyű - és most sem az, amikor a Mágiaügyi Minisztérium túlhajszolt dolgozójaként, férjként és három iskoláskorú gyermek apjaként kell helytállnia.', 3410, 19, 15),
    (94, 'Legendás állatok: Grindelwald bűntettei', 2019, 9789633246214, 'Ifjúsági irodalom', 292, 'A Legendás állatok és megfigyelésük végén Göthe Salmander közreműködésével sikerül New Yorkban letartóztatni Gellert Grindelwaldot, de a nagy hatalmú sötét varázsló megszökik a fogságból', 3410, 19, 15),
    (95, 'A varázslat', 2017, 9789635286744, 'Ezoterikus elméletek', 254, 'Egy szó megváltoztat mindent. Több mint húsz évszázadon keresztül egy szent irat félreértett szavai majdnem mindenkit megtévesztettek és összezavartak', 3790, 20, 16),
    (96, 'Az erő', 2017, 9789635290802, 'Ezoterikus elméletek', 250, 'A Titok a vonzás törvényéről szólt. Rhonda Byrne most feltárja az univerzum legfőbb hatalmát... AZ ERŐT.', 4740, 20, 16),
    (97, 'A hős', 2017, 9789635291977, 'Ezoterikus elméletek', 228, 'Képzeld el, mi lenne, ha létezne egy térkép, amelyik megmutatná, hogyan juthatsz el onnan, ahol jelenleg vagy, az elképzelhető leggazdagabb, legteljesebb és legkáprázatosabb életig, amelyben csak részed lehet.', 4265, 20, 16),
    (98, 'Határtalan gondolatok', 2018, 9789635291731, 'Ezoterikus elméletek', 374, 'Tedd meg a következő lépést. A Titok egyértelmű alapelvei megmondják, hogy miként éld az életedet az Univerzum természeti törvényeivel összhangban.', 4740, 20, 16),
    (99, 'A klastrom titka', 2020, 9789632674612, 'Regény', 240, 'Az alig tizenhét esztendős, naiv, ábrándos Catherine még úgy képzeli, hogy az élet éppen olyan csodálatos kalandok sorozata, amilyenekről kedvenc regényeiben olvasott', 2650, 21, 17),
    (100, 'A mansfieldi kastély', 2019, 9789632674360, 'Regény', 432, 'A jó nevű, ám szegény családba született Fanny Price-t anyja a Mansfield Parkban lakó gazdag rokonaihoz küldi. A mansfieldi kastély Sir Thomas Bertram otthona, itt él feleségével és négy gyermekével', 2650, 21, 17),
    (101, 'A Watson család története', 2019, 9789632674377, 'Regény', 192, 'Jane Austen befejezetlen regényét Merryn Williams az írónő stílusában egészítette ki. Hűen követi Jane Austen elképzeléseit, és úgy folytatja a történetet, ahogyan annak idején Jane elmondta a nővérének', 2650, 21, 17),
    (102, 'Emma', 2010, 9780007350780, 'Regény', 498, 'I always deserve the best treatment because I never put up with any other.', 1415, 21, 18),
    (103, 'Csernobil', 2020, 9786155732720, 'Regény', 202, 'Alina Bronsky regénye történelmi tényen alapul. Évekkel a csernobili reaktorbaleset után a hatvan éven felüliek saját felelősségükre visszaköltözhettek a súlyosan sugárszennyezett falujukba', 3125, 22, 19),
    (104, 'A toszkán titok', 2020, 9789632939926, 'Romantikus', 344, 'Anna szíve majdnem megszakad, amikor elveszíti szeretett édesanyját, Inest. A hagyatékban egy halom régi, megsárgult, olasz nyelvű levélre bukkan.', 3799, 23, 20),
    (105, 'Drill - Minden lapnak három oldala van', 2020, 9789634336990, 'Regény', 500, 'András, negyvenes férfi, szép karrier, feleség, két gyerek - minden, ahogy a nagykönyvben meg van írva. Ő azonban egy ideje mégsem elégedett. Kicsinek, szűknek érzi a mindennapokat', 2789, 24, 5),
    (106, 'AZ 1-2', 2019, 9789635041060, 'Horror', 1200, 'Heten voltak. Hét kiskamasz barát, akiknek szembe kellett szállniuk a városukat terrorizáló rémmel', 7599, 13, 9);